{"shakespeare_char": {"means": {"final_train_loss_mean": 2.5739649534225464, "best_val_loss_mean": 2.57385516166687, "total_train_time_mean": 237.57080340385437, "avg_inference_tokens_per_second_mean": 91.4389169583151}, "stderrs": {"final_train_loss_stderr": 0.010994017124176025, "best_val_loss_stderr": 0.004425764083862305, "total_train_time_stderr": 0.38023126125335693, "avg_inference_tokens_per_second_stderr": 0.05130642990405221}, "final_info_dict": {"final_train_loss": [2.5519769191741943, 2.5959529876708984], "best_val_loss": [2.5827066898345947, 2.5650036334991455], "total_train_time": [238.33126592636108, 236.81034088134766], "avg_inference_tokens_per_second": [91.336304098507, 91.54152981812321]}}}