{"final_train_loss": 2.5519769191741943, "best_val_loss": 2.5827066898345947, "total_train_time": 238.33126592636108, "avg_inference_tokens_per_second": 91.336304098507}