{"final_train_loss": 2.5959529876708984, "best_val_loss": 2.5650036334991455, "total_train_time": 236.81034088134766, "avg_inference_tokens_per_second": 91.54152981812321}